name,uid,description,author,pages,price,"isbn	"
arrow,ARW000001,book12,asd,123,344,323
arrow2,ARW000002,bookas,asd,123,423,243
arrow3,ARW000003,sads,sd,123,324,123
,ARW000004,,,,,
,ARW000005,,,,,
,ARW000006,,,,,
,ARW000007,,,,,
,ARW000008,,,,,
,ARW000009,,,,,
,ARW000010,,,,,
,ARW000011,,,,,
,ARW000012,,,,,
,ARW000013,,,,,
,ARW000014,,,,,
,ARW000015,,,,,
,ARW000016,,,,,
,ARW000017,,,,,
,ARW000018,,,,,
,ARW000019,,,,,
,ARW000020,,,,,
,ARW000021,,,,,
,ARW000022,,,,,
,ARW000023,,,,,
,ARW000024,,,,,
,ARW000025,,,,,
,ARW000026,,,,,
,ARW000027,,,,,
,ARW000028,,,,,
,ARW000029,,,,,
,ARW000030,,,,,
,ARW000031,,,,,
,ARW000032,,,,,
,ARW000033,,,,,
,ARW000034,,,,,
,ARW000035,,,,,
,ARW000036,,,,,
,ARW000037,,,,,
,ARW000038,,,,,
,ARW000039,,,,,
,ARW000040,,,,,
,ARW000041,,,,,
,ARW000042,,,,,
,ARW000043,,,,,
,ARW000044,,,,,
,ARW000045,,,,,
,ARW000046,,,,,
,ARW000047,,,,,
,ARW000048,,,,,
,ARW000049,,,,,
,ARW000050,,,,,
,ARW000051,,,,,
,ARW000052,,,,,
,ARW000053,,,,,
,ARW000054,,,,,
,ARW000055,,,,,
,ARW000056,,,,,
,ARW000057,,,,,
,ARW000058,,,,,
,ARW000059,,,,,
,ARW000060,,,,,
,ARW000061,,,,,
,ARW000062,,,,,
,ARW000063,,,,,
,ARW000064,,,,,
,ARW000065,,,,,
,ARW000066,,,,,
,ARW000067,,,,,
,ARW000068,,,,,
,ARW000069,,,,,
,ARW000070,,,,,
,ARW000071,,,,,
,ARW000072,,,,,
,ARW000073,,,,,
,ARW000074,,,,,
,ARW000075,,,,,
,ARW000076,,,,,
,ARW000077,,,,,
,ARW000078,,,,,
,ARW000079,,,,,
,ARW000080,,,,,
,ARW000081,,,,,
,ARW000082,,,,,
,ARW000083,,,,,
,ARW000084,,,,,
,ARW000085,,,,,
,ARW000086,,,,,
,ARW000087,,,,,
,ARW000088,,,,,
,ARW000089,,,,,
,ARW000090,,,,,
,ARW000091,,,,,
,ARW000092,,,,,
,ARW000093,,,,,
,ARW000094,,,,,
,ARW000095,,,,,
,ARW000096,,,,,
,ARW000097,,,,,
,ARW000098,,,,,
,ARW000099,,,,,
,ARW000100,,,,,
,ARW000101,,,,,
,ARW000102,,,,,
,ARW000103,,,,,
,ARW000104,,,,,
,ARW000105,,,,,
,ARW000106,,,,,
,ARW000107,,,,,
,ARW000108,,,,,
,ARW000109,,,,,
,ARW000110,,,,,
,ARW000111,,,,,
,ARW000112,,,,,
,ARW000113,,,,,
,ARW000114,,,,,
,ARW000115,,,,,
,ARW000116,,,,,
,ARW000117,,,,,
,ARW000118,,,,,
,ARW000119,,,,,
,ARW000120,,,,,
,ARW000121,,,,,
,ARW000122,,,,,
,ARW000123,,,,,
,ARW000124,,,,,
,ARW000125,,,,,
,ARW000126,,,,,
,ARW000127,,,,,
,ARW000128,,,,,
,ARW000129,,,,,
,ARW000130,,,,,
,ARW000131,,,,,
,ARW000132,,,,,
,ARW000133,,,,,
,ARW000134,,,,,
,ARW000135,,,,,
,ARW000136,,,,,
,ARW000137,,,,,
,ARW000138,,,,,
,ARW000139,,,,,
,ARW000140,,,,,
,ARW000141,,,,,
,ARW000142,,,,,
,ARW000143,,,,,
,ARW000144,,,,,
,ARW000145,,,,,
,ARW000146,,,,,
,ARW000147,,,,,
,ARW000148,,,,,
,ARW000149,,,,,
,ARW000150,,,,,
,ARW000151,,,,,
,ARW000152,,,,,
,ARW000153,,,,,
,ARW000154,,,,,
,ARW000155,,,,,
,ARW000156,,,,,
,ARW000157,,,,,
,ARW000158,,,,,
,ARW000159,,,,,
,ARW000160,,,,,
,ARW000161,,,,,
,ARW000162,,,,,
,ARW000163,,,,,
,ARW000164,,,,,
,ARW000165,,,,,
,ARW000166,,,,,
,ARW000167,,,,,
,ARW000168,,,,,
,ARW000169,,,,,
,ARW000170,,,,,
,ARW000171,,,,,
,ARW000172,,,,,
,ARW000173,,,,,
,ARW000174,,,,,
,ARW000175,,,,,
,ARW000176,,,,,
,ARW000177,,,,,
,ARW000178,,,,,
,ARW000179,,,,,
,ARW000180,,,,,
,ARW000181,,,,,
,ARW000182,,,,,
,ARW000183,,,,,
,ARW000184,,,,,
,ARW000185,,,,,
,ARW000186,,,,,
,ARW000187,,,,,
,ARW000188,,,,,
,ARW000189,,,,,
,ARW000190,,,,,
,ARW000191,,,,,
,ARW000192,,,,,
,ARW000193,,,,,
,ARW000194,,,,,
,ARW000195,,,,,
,ARW000196,,,,,
,ARW000197,,,,,
,ARW000198,,,,,
,ARW000199,,,,,
,ARW000200,,,,,
